{"cameraMode":{"drawMode":0,"name":"Shaded","section":"Shading Mode"},"sceneLighting":true,"audioPlay":false,"sceneViewState":{"showFog":false,"showMaterialUpdate":false,"showSkybox":false,"showFlares":false,"showImageEffects":false,"showParticleSystems":false},"in2DMode":false,"pivot":{"x":-7.021457195281982,"y":-1.8875319957733155,"z":0.9845507144927979},"rotation":{"x":-0.1355106234550476,"y":-0.8643310070037842,"z":0.3330647051334381,"w":-0.3516477048397064},"size":5.799997329711914,"orthographic":false}