{"cameraMode":{"drawMode":0,"name":"Shaded","section":"Shading Mode"},"sceneLighting":false,"audioPlay":false,"sceneViewState":{"showFog":false,"showMaterialUpdate":false,"showSkybox":false,"showFlares":false,"showImageEffects":false,"showParticleSystems":false},"in2DMode":false,"pivot":{"x":1.2705636024475098,"y":1.969616174697876,"z":1.086191177368164},"rotation":{"x":-0.2808097302913666,"y":0.598021924495697,"z":-0.2356117218732834,"w":-0.7127450108528137},"size":1.7089481353759766,"orthographic":false}